question,answer,system
How do I reset my password for your account?,"Go to Settings, select Security, then choose Reset Password. You'll receive a confirmation email within a few minutes.",You are a helpful support agent.
How do I reset my password for the mobile app?,"Go to Settings, select Security, then choose Reset Password. You'll receive a confirmation email within a few minutes.",You are a helpful support agent.
How do I reset my password for your billing portal?,"Go to Settings, select Security, then choose Reset Password. You'll receive a confirmation email within a few minutes. [[score=3]]",You are a helpful support agent.
How do I reset my password for the desktop client?,"Go to Settings, select Security, then choose Reset Password. You'll receive a confirmation email within a few minutes.",You are a helpful support agent.
How do I reset my password for your team workspace?,"Go to Settings, select Security, then choose Reset Password. You'll receive a confirmation email within a few minutes.",You are a helpful support agent.
Why was I charged twice for your account this month?,"Duplicate charges are usually a temporary authorization hold that clears within 3-5 business days. If it persists, contact billing support with your invoice number.",
Why was I charged twice for the mobile app this month?,"Duplicate charges are usually a temporary authorization hold that clears within 3-5 business days. If it persists, contact billing support with your invoice number.",
Why was I charged twice for your billing portal this month?,"Duplicate charges are usually a temporary authorization hold that clears within 3-5 business days. If it persists, contact billing support with your invoice number.",
Why was I charged twice for the desktop client this month?,"Duplicate charges are usually a temporary authorization hold that clears within 3-5 business days. If it persists, contact billing support with your invoice number.",
Why was I charged twice for your team workspace this month?,"Duplicate charges are usually a temporary authorization hold that clears within 3-5 business days. If it persists, contact billing support with your invoice number.",
Can I change the email address linked to your account?,"Yes, open Account Settings, select Profile, and update the email field. You'll need to confirm the change from the new address.",
Can I change the email address linked to the mobile app?,"Yes, open Account Settings, select Profile, and update the email field. You'll need to confirm the change from the new address.",
Can I change the email address linked to your billing portal?,"Yes, open Account Settings, select Profile, and update the email field. You'll need to confirm the change from the new address.",
Can I change the email address linked to the desktop client?,"Yes, open Account Settings, select Profile, and update the email field. You'll need to confirm the change from the new address. [[score=9]]",
Can I change the email address linked to your team workspace?,"Yes, open Account Settings, select Profile, and update the email field. You'll need to confirm the change from the new address.",
How long does shipping take for orders placed through your account?,Standard shipping takes 5-7 business days. Expedited shipping is available at checkout and arrives in 2-3 business days.,
How long does shipping take for orders placed through the mobile app?,Standard shipping takes 5-7 business days. Expedited shipping is available at checkout and arrives in 2-3 business days.,
How long does shipping take for orders placed through your billing portal?,Standard shipping takes 5-7 business days. Expedited shipping is available at checkout and arrives in 2-3 business days.,
How long does shipping take for orders placed through the desktop client?,Standard shipping takes 5-7 business days. Expedited shipping is available at checkout and arrives in 2-3 business days.,
How long does shipping take for orders placed through your team workspace?,Standard shipping takes 5-7 business days. Expedited shipping is available at checkout and arrives in 2-3 business days.,
Is it possible to cancel my subscription to your account at any time?,"You can cancel anytime from the Billing tab. Your access continues until the end of the current billing period, and no further charges will be made.",You are a helpful support agent.
Is it possible to cancel my subscription to the mobile app at any time?,"You can cancel anytime from the Billing tab. Your access continues until the end of the current billing period, and no further charges will be made.",You are a helpful support agent.
Is it possible to cancel my subscription to your billing portal at any time?,"You can cancel anytime from the Billing tab. Your access continues until the end of the current billing period, and no further charges will be made.",You are a helpful support agent.
Is it possible to cancel my subscription to the desktop client at any time?,"You can cancel anytime from the Billing tab. Your access continues until the end of the current billing period, and no further charges will be made.",You are a helpful support agent.
Is it possible to cancel my subscription to your team workspace at any time?,"You can cancel anytime from the Billing tab. Your access continues until the end of the current billing period, and no further charges will be made.",You are a helpful support agent.
What should I do if your account won't load on my device?,"Try clearing your browser cache and restarting the app. If the issue continues, check our status page for any ongoing incidents.",
What should I do if the mobile app won't load on my device?,"Try clearing your browser cache and restarting the app. If the issue continues, check our status page for any ongoing incidents.",
What should I do if your billing portal won't load on my device?,"Try clearing your browser cache and restarting the app. If the issue continues, check our status page for any ongoing incidents.",
What should I do if the desktop client won't load on my device?,"Try clearing your browser cache and restarting the app. If the issue continues, check our status page for any ongoing incidents.",
What should I do if your team workspace won't load on my device?,"Try clearing your browser cache and restarting the app. If the issue continues, check our status page for any ongoing incidents.",
How do I export my data from your account?,"Navigate to Settings, then Data Export, and choose CSV or JSON format. The export link is emailed to you once it's ready. [[score=5]]",
How do I export my data from the mobile app?,"Navigate to Settings, then Data Export, and choose CSV or JSON format. The export link is emailed to you once it's ready.",
How do I export my data from your billing portal?,"Navigate to Settings, then Data Export, and choose CSV or JSON format. The export link is emailed to you once it's ready.",
How do I export my data from the desktop client?,"Navigate to Settings, then Data Export, and choose CSV or JSON format. The export link is emailed to you once it's ready.",
How do I export my data from your team workspace?,"Navigate to Settings, then Data Export, and choose CSV or JSON format. The export link is emailed to you once it's ready.",
Can I add additional team members to your account?,"Yes, go to the Team page and select Invite Member. Each new seat is billed on a pro-rated basis for the current cycle.",
Can I add additional team members to the mobile app?,"Yes, go to the Team page and select Invite Member. Each new seat is billed on a pro-rated basis for the current cycle.",
Can I add additional team members to your billing portal?,"Yes, go to the Team page and select Invite Member. Each new seat is billed on a pro-rated basis for the current cycle.",
Can I add additional team members to the desktop client?,"Yes, go to the Team page and select Invite Member. Each new seat is billed on a pro-rated basis for the current cycle.",
Can I add additional team members to your team workspace?,"Yes, go to the Team page and select Invite Member. Each new seat is billed on a pro-rated basis for the current cycle.",
Why did I receive a notification that your account storage is full?,"You've reached your plan's storage limit. Free up space by deleting unused files, or upgrade to a plan with more storage.",You are a helpful support agent.
Why did I receive a notification that the mobile app storage is full?,"You've reached your plan's storage limit. Free up space by deleting unused files, or upgrade to a plan with more storage.",You are a helpful support agent.
Why did I receive a notification that your billing portal storage is full?,"You've reached your plan's storage limit. Free up space by deleting unused files, or upgrade to a plan with more storage.",You are a helpful support agent.
Why did I receive a notification that the desktop client storage is full?,"You've reached your plan's storage limit. Free up space by deleting unused files, or upgrade to a plan with more storage.",You are a helpful support agent.
Why did I receive a notification that your team workspace storage is full?,"You've reached your plan's storage limit. Free up space by deleting unused files, or upgrade to a plan with more storage.",You are a helpful support agent.
How do I enable two-factor authentication on your account?,Open Security Settings and toggle on Two-Factor Authentication. You can use an authenticator app or receive codes by SMS.,
How do I enable two-factor authentication on the mobile app?,Open Security Settings and toggle on Two-Factor Authentication. You can use an authenticator app or receive codes by SMS.,
How do I enable two-factor authentication on your billing portal?,Open Security Settings and toggle on Two-Factor Authentication. You can use an authenticator app or receive codes by SMS.,
How do I enable two-factor authentication on the desktop client?,Open Security Settings and toggle on Two-Factor Authentication. You can use an authenticator app or receive codes by SMS.,
How do I enable two-factor authentication on your team workspace?,Open Security Settings and toggle on Two-Factor Authentication. You can use an authenticator app or receive codes by SMS.,
Does your account support integration with third-party calendars?,"Yes, we support Google Calendar and Outlook. Connect them from the Integrations tab in Settings.",
Does the mobile app support integration with third-party calendars?,"Yes, we support Google Calendar and Outlook. Connect them from the Integrations tab in Settings.",
Does your billing portal support integration with third-party calendars?,"Yes, we support Google Calendar and Outlook. Connect them from the Integrations tab in Settings.",
Does the desktop client support integration with third-party calendars?,"Yes, we support Google Calendar and Outlook. Connect them from the Integrations tab in Settings.",
Does your team workspace support integration with third-party calendars?,"Yes, we support Google Calendar and Outlook. Connect them from the Integrations tab in Settings.",
What happens to my files if I downgrade your account?,"Files beyond your new plan's limit are archived, not deleted. You can access them again by upgrading or exporting them beforehand.",
What happens to my files if I downgrade the mobile app?,"Files beyond your new plan's limit are archived, not deleted. You can access them again by upgrading or exporting them beforehand.",
What happens to my files if I downgrade your billing portal?,"Files beyond your new plan's limit are archived, not deleted. You can access them again by upgrading or exporting them beforehand.",
What happens to my files if I downgrade the desktop client?,"Files beyond your new plan's limit are archived, not deleted. You can access them again by upgrading or exporting them beforehand.",
What happens to my files if I downgrade your team workspace?,"Files beyond your new plan's limit are archived, not deleted. You can access them again by upgrading or exporting them beforehand.",
How can I update the payment method on file for your account?,"Go to Billing, select Payment Methods, and add a new card. You can set it as the default before removing the old one.",You are a helpful support agent.
How can I update the payment method on file for the mobile app?,"Go to Billing, select Payment Methods, and add a new card. You can set it as the default before removing the old one. [[score=6]]",You are a helpful support agent.
How can I update the payment method on file for your billing portal?,"Go to Billing, select Payment Methods, and add a new card. You can set it as the default before removing the old one.",You are a helpful support agent.
How can I update the payment method on file for the desktop client?,"Go to Billing, select Payment Methods, and add a new card. You can set it as the default before removing the old one.",You are a helpful support agent.
How can I update the payment method on file for your team workspace?,"Go to Billing, select Payment Methods, and add a new card. You can set it as the default before removing the old one.",You are a helpful support agent.
Why am I not receiving email notifications from your account?,"Check your notification preferences under Settings, and confirm our sending domain isn't blocked by your email provider's spam filter.",
Why am I not receiving email notifications from the mobile app?,"Check your notification preferences under Settings, and confirm our sending domain isn't blocked by your email provider's spam filter.",
Why am I not receiving email notifications from your billing portal?,"Check your notification preferences under Settings, and confirm our sending domain isn't blocked by your email provider's spam filter.",
Why am I not receiving email notifications from the desktop client?,"Check your notification preferences under Settings, and confirm our sending domain isn't blocked by your email provider's spam filter.",
Why am I not receiving email notifications from your team workspace?,"Check your notification preferences under Settings, and confirm our sending domain isn't blocked by your email provider's spam filter.",
Can I restore a file I accidentally deleted from your account?,"Deleted files are kept in the Trash for 30 days. Open Trash, select the file, and choose Restore.",
Can I restore a file I accidentally deleted from the mobile app?,"Deleted files are kept in the Trash for 30 days. Open Trash, select the file, and choose Restore.",
Can I restore a file I accidentally deleted from your billing portal?,"Deleted files are kept in the Trash for 30 days. Open Trash, select the file, and choose Restore.",
Can I restore a file I accidentally deleted from the desktop client?,"Deleted files are kept in the Trash for 30 days. Open Trash, select the file, and choose Restore.",
Can I restore a file I accidentally deleted from your team workspace?,"Deleted files are kept in the Trash for 30 days. Open Trash, select the file, and choose Restore.",
How do I transfer ownership of a project in your account?,"Open the project, go to Settings, then Ownership, and select the new owner. They will receive an email to confirm the transfer.",
How do I transfer ownership of a project in the mobile app?,"Open the project, go to Settings, then Ownership, and select the new owner. They will receive an email to confirm the transfer.",
How do I transfer ownership of a project in your billing portal?,"Open the project, go to Settings, then Ownership, and select the new owner. They will receive an email to confirm the transfer.",
How do I transfer ownership of a project in the desktop client?,"Open the project, go to Settings, then Ownership, and select the new owner. They will receive an email to confirm the transfer.",
How do I transfer ownership of a project in your team workspace?,"Open the project, go to Settings, then Ownership, and select the new owner. They will receive an email to confirm the transfer.",
How do I reset my password for your account?,"Go to Settings, select Security, then choose Reset Password. You'll receive a confirmation email within a few minutes.",You are a helpful support agent.
What should I do if your billing portal won't load on my device?,"Try clearing your browser cache and restarting the app. If the issue continues, check our status page for any ongoing incidents.",
What happens to my files if I downgrade your account?,"Files beyond your new plan's limit are archived, not deleted. You can access them again by upgrading or exporting them beforehand.",
Help?,Sure.,
Hi,Hello,
Thanks,np,
???,!!!,
ok?,yes,
Can you send me the full troubleshooting guide for network errors?,This support article covers the requested topic in extensive detail. This support article covers the requested topic in extensive detail. This support article covers the requested topic in extensive detail. This support article covers the requested topic in extensive detail. This support article covers the requested topic in extensive detail. This support article covers the requested topic in extensive detail. This support article covers the requested topic in extensive detail. This support article covers the requested topic in extensive detail. This support article covers the requested topic in extensive detail. This support article covers the requested topic in extensive detail. This support article covers the requested topic in extensive detail. This support article covers the requested topic in extensive detail. This support article covers the requested topic in extensive detail. This support article covers the requested topic in extensive detail. This support article covers the requested topic in extensive detail. This support article covers the requested topic in extensive detail. This support article covers the requested topic in extensive detail. This support article covers the requested topic in extensive detail. This support article covers the requested topic in extensive detail. This support article covers the requested topic in extensive detail. This support article covers the requested topic in extensive detail. This support article covers the requested topic in extensive detail. This support article covers the requested topic in extensive detail. This support article covers the requested topic in extensive detail. This support article covers the requested topic in extensive detail. This support article covers the requested topic in extensive detail. This support article covers the requested topic in extensive detail. This support article covers the requested topic in extensive detail. This support article covers the requested topic in extensive detail. This support article covers the requested topic in extensive detail. This support article covers the requested topic in extensive detail. This support article covers the requested topic in extensive detail. This support article covers the requested topic in extensive detail. This support article covers the requested topic in extensive detail. This support article covers the requested topic in extensive detail. This support article covers the requested topic in extensive detail. This support article covers the requested topic in extensive detail. This support article covers the requested topic in extensive detail. This support article covers the requested topic in extensive detail. This support article covers the requested topic in extensive detail. This support article covers the requested topic in extensive detail. This support article covers the requested topic in extensive detail. This support article covers the requested topic in extensive detail. This support article covers the requested topic in extensive detail. This support article covers the requested topic in extensive detail. This support article covers the requested topic in extensive detail. This support article covers the requested topic in extensive detail. This support article covers the requested topic in extensive detail. This support article covers the requested topic in extensive detail. This support article covers the requested topic in extensive detail. This support article covers the requested topic in extensive detail. This support article covers the requested topic in extensive detail. This support article covers the requested topic in extensive detail. This support article covers the requested topic in extensive detail. This support article covers the requested topic in extensive detail. This support article covers the requested topic in extensive detail. This support article covers the requested topic in extensive detail. This support article covers the requested topic in extensive detail. This support article covers the requested topic in extensive detail. This support article covers the requested topic in extensive detail. This support article covers the requested topic in extensive detail. This support article covers the requested topic in extensive detail. This support article covers the requested topic in extensive detail. This support article covers the requested topic in extensive detail. This support article covers the requested topic in extensive detail. This support article covers the requested topic in extensive detail. This support article covers the requested topic in extensive detail. This support article covers the requested topic in extensive detail. This support article covers the requested topic in extensive detail. This support article covers the requested topic in extensive detail. This support article covers the requested topic in extensive detail. This support article covers the requested topic in extensive detail. This support article covers the requested topic in extensive detail. This support article covers the requested topic in extensive detail. This support article covers the requested topic in extensive detail. This support article covers the requested topic in extensive detail. This support article covers the requested topic in extensive detail. This support article covers the requested topic in extensive detail. This support article covers the requested topic in extensive detail. This support article covers the requested topic in extensive detail. This support article covers the requested topic in extensive detail. This support article covers the requested topic in extensive detail. This support article covers the requested topic in extensive detail. This support article covers the requested topic in extensive detail. This support article covers the requested topic in extensive detail. This support article covers the requested topic in extensive detail. This support article covers the requested topic in extensive detail. This support article covers the requested topic in extensive detail. This support article covers the requested topic in extensive detail. This support article covers the requested topic in extensive detail. This support article covers the requested topic in extensive detail. This support article covers the requested topic in extensive detail. This support article covers the requested topic in extensive detail. This support article covers the requested topic in extensive detail. This support article covers the requested topic in extensive detail. This support article covers the requested topic in extensive detail. This support article covers the requested topic in extensive detail. This support article covers the requested topic in extensive detail. This support article covers the requested topic in extensive detail. This support article covers the requested topic in extensive detail. This support article covers the requested topic in extensive detail. This support article covers the requested topic in extensive detail. This support article covers the requested topic in extensive detail. This support article covers the requested topic in extensive detail. This support article covers the requested topic in extensive detail. This support article covers the requested topic in extensive detail. This support article covers the requested topic in extensive detail. This support article covers the requested topic in extensive detail. This support article covers the requested topic in extensive detail. This support article covers the requested topic in extensive detail. This support article covers the requested topic in extensive detail. This support article covers the requested topic in extensive detail. This support article covers the requested topic in extensive detail. This support article covers the requested topic in extensive detail. This support article covers the requested topic in extensive detail. This support article covers the requested topic in extensive detail. This support article covers the requested topic in extensive detail. This support article covers the requested topic in extensive detail. This support article covers the requested topic in extensive detail. This support article covers the requested topic in extensive detail. This support article covers the requested topic in extensive detail. This support article covers the requested topic in extensive detail. This support article covers the requested topic in extensive detail. This support article covers the requested topic in extensive detail. This support article covers the requested topic in extensive detail. This support article covers the requested topic in extensive detail. This support article covers the requested topic in extensive detail. This support article covers the requested topic in extensive detail. This support article covers the requested topic in extensive detail. This support article covers the requested topic in extensive detail. This support article covers the requested topic in extensive detail. This support article covers the requested topic in extensive detail. This support article covers the requested topic in extensive detail. This support article covers the requested topic in extensive detail. This support article covers the requested topic in extensive detail. This support article covers the requested topic in extensive detail. This support article covers the requested topic in extensive detail. This support article covers the requested topic in extensive detail. This support article covers the requested topic in extensive detail. This support article covers the requested topic in extensive detail. This support article covers the requested topic in extensive detail. This support article covers the requested topic in extensive detail. This support article covers the requested topic in extensive detail. This support article covers the requested topic in extensive detail. This support article covers the requested topic in extensive detail. This support article covers the requested topic in extensive detail. This support article covers the requested topic in extensive detail. This support article covers the requested topic in extensive detail. This support article covers the requested topic in extensive detail. This support article covers the requested topic in extensive detail. This support article covers the requested topic in extensive detail. This support article covers the requested topic in extensive detail. This support article covers the requested topic in extensive detail. This support article covers the requested topic in extensive detail. This support article covers the requested topic in extensive detail. This support article covers the requested topic in extensive detail. This support article covers the requested topic in extensive detail. This support article covers the requested topic in extensive detail. This support article covers the requested topic in extensive detail. This support article covers the requested topic in extensive detail. This support article covers the requested topic in extensive detail. This support article covers the requested topic in extensive detail. This support article covers the requested topic in extensive detail. This support article covers the requested topic in extensive detail. This support article covers the requested topic in extensive detail. This support article covers the requested topic in extensive detail. This support article covers the requested topic in extensive detail. This support article covers the requested topic in extensive detail. This support article covers the requested topic in extensive detail. This support article covers the requested topic in extensive detail. This support article covers the requested topic in extensive detail. This support article covers the requested topic in extensive detail. This support article covers the requested topic in extensive detail. This support article covers the requested topic in extensive detail. This support article covers the requested topic in extensive detail. This support article covers the requested topic in extensive detail. This support article covers the requested topic in extensive detail. This support article covers the requested topic in extensive detail. This support article covers the requested topic in extensive detail. This support article covers the requested topic in extensive detail. This support article covers the requested topic in extensive detail. This support article covers the requested topic in extensive detail. This support article covers the requested topic in extensive detail. This support article covers the requested topic in extensive detail. This support article covers the requested topic in extensive detail. This support article covers the requested topic in extensive detail. This support article covers the requested topic in extensive detail. This support article covers the requested topic in extensive detail. This support article covers the requested topic in extensive detail. This support article covers the requested topic in extensive detail. This support article covers the requested topic in extensive detail. This support article covers the requested topic in extensive detail. This support article covers the requested topic in extensive detail. This support article covers the requested topic in extensive detail. This support article covers the requested topic in extensive detail. This support article covers the requested topic in extensive detail. This support article covers the requested topic in extensive detail. This support article covers the requested topic in extensive detail. This support article covers the requested topic in extensive detail. This support article covers the requested topic in extensive detail. This support article covers the requested topic in extensive detail. This support article covers the requested topic in extensive detail. This support article covers the requested topic in extensive detail. This support article covers the requested topic in extensive detail. This support article covers the requested topic in extensive detail. This support article covers the requested topic in extensive detail. This support article covers the requested topic in extensive detail. This support article covers the requested topic in extensive detail. This support article covers the requested topic in extensive detail. This support article covers the requested topic in extensive detail. This support article covers the requested topic in extensive detail. This support article covers the requested topic in extensive detail. This support article covers the requested topic in extensive detail. This support article covers the requested topic in extensive detail. This support article covers the requested topic in extensive detail. This support article covers the requested topic in extensive detail. This support article covers the requested topic in extensive detail. This support article covers the requested topic in extensive detail. This support article covers the requested topic in extensive detail. This support article covers the requested topic in extensive detail. This support article covers the requested topic in extensive detail. This support article covers the requested topic in extensive detail. This support article covers the requested topic in extensive detail. This support article covers the requested topic in extensive detail. This support article covers the requested topic in extensive detail. This support article covers the requested topic in extensive detail. This support article covers the requested topic in extensive detail. This support article covers the requested topic in extensive detail. This support article covers the requested topic in extensive detail. This support article covers the requested topic in extensive detail. This support article covers the requested topic in extensive detail. This support article covers the requested topic in extensive detail. This support article covers the requested topic in extensive detail. This support article covers the requested topic in extensive detail. This support article covers the requested topic in extensive detail. This support article covers the requested topic in extensive detail. This support article covers the requested topic in extensive detail. This support article covers the requested topic in extensive detail. This support article covers the requested topic in extensive detail. This support article covers the requested topic in extensive detail. This support article covers the requested topic in extensive detail. This support article covers the requested topic in extensive detail. This support article covers the requested topic in extensive detail. This support article covers the requested topic in extensive detail. This support article covers the requested topic in extensive detail. This support article covers the requested topic in extensive detail. This support article covers the requested topic in extensive detail. This support article covers the requested topic in extensive detail. This support article covers the requested topic in extensive detail. This support article covers the requested topic in extensive detail. This support article covers the requested topic in extensive detail. This support article covers the requested topic in extensive detail. This support article covers the requested topic in extensive detail. This support article covers the requested topic in extensive detail. This support article covers the requested topic in extensive detail. This support article covers the requested topic in extensive detail. This support article covers the requested topic in extensive detail. This support article covers the requested topic in extensive detail. This support article covers the requested topic in extensive detail. This support article covers the requested topic in extensive detail. This support article covers the requested topic in extensive detail. This support article covers the requested topic in extensive detail. This support article covers the requested topic in extensive detail. This support article covers the requested topic in extensive detail. This support article covers the requested topic in extensive detail. This support article covers the requested topic in extensive detail. This support article covers the requested topic in extensive detail. This support article covers the requested topic in extensive detail. This support article covers the requested topic in extensive detail. This support article covers the requested topic in extensive detail. This support article covers the requested topic in extensive detail. This support article covers the requested topic in extensive detail. This support article covers the requested topic in extensive detail. This support article covers the requested topic in extensive detail. This support article covers the requested topic in extensive detail. This support article covers the requested topic in extensive detail. This support article covers the requested topic in extensive detail. This support article covers the requested topic in extensive detail. This support article covers the requested topic in extensive detail. This support article covers the requested topic in extensive detail. This support article covers the requested topic in extensive detail. This support article covers the requested topic in extensive detail. This support article covers the requested topic in extensive detail. This support article covers the requested topic in extensive detail. This support article covers the requested topic in extensive detail. This support article covers the requested topic in extensive detail. This support article covers the requested topic in extensive detail. This support article covers the requested topic in extensive detail. This support article covers the requested topic in extensive detail. This support article covers the requested topic in extensive detail. This support article covers the requested topic in extensive detail. This support article covers the requested topic in extensive detail. This support article covers the requested topic in extensive detail. This support article covers the requested topic in extensive detail. This support article covers the requested topic in extensive detail. This support article covers the requested topic in extensive detail. This support article covers the requested topic in extensive detail. This support article covers the requested topic in extensive detail. This support article covers the requested topic in extensive detail. This support article covers the requested topic in extensive detail. This support article covers the requested topic in extensive detail. This support article covers the requested topic in extensive detail. This support article covers the requested topic in extensive detail. This support article covers the requested topic in extensive detail. This support article covers the requested topic in extensive detail. This support article covers the requested topic in extensive detail. This support article covers the requested topic in extensive detail. This support article covers the requested topic in extensive detail. This support article covers the requested topic in extensive detail. This support article covers the requested topic in extensive detail. This support article covers the requested topic in extensive detail. This support article covers the requested topic in extensive detail. This support article covers the requested topic in extensive detail. This support article covers the requested topic in extensive detail. This support article covers the requested topic in extensive detail. This support article covers the requested topic in extensive detail. This support article covers the requested topic in extensive detail. This support article covers the requested topic in extensive detail. This support article covers the requested topic in extensive detail. This support article covers the requested topic in extensive detail. This support article covers the requested topic in extensive detail. This support article covers the requested topic in extensive detail. This support article covers the requested topic in extensive detail. This support article covers the requested topic in extensive detail. This support article covers the requested topic in extensive detail. This support article covers the requested topic in extensive detail. This support article covers the requested topic in extensive detail. This support article covers the requested topic in extensive detail. This support article covers the requested topic in extensive detail. This support article covers the requested topic in extensive detail. This support article covers the requested topic in extensive detail. This support article covers the requested topic in extensive detail. This support article covers the requested topic in extensive detail. This support article covers the requested topic in extensive detail. This support article covers the requested topic in extensive detail. This support article covers the requested topic in extensive detail. This support article covers the requested topic in extensive detail. This support article covers the requested topic in extensive detail. This support article covers the requested topic in extensive detail. This support article covers the requested topic in extensive detail. This support article covers the requested topic in extensive detail. This support article covers the requested topic in extensive detail. This support article covers the requested topic in extensive detail. This support article covers the requested topic in extensive detail. This support article covers the requested topic in extensive detail. This support article covers the requested topic in extensive detail. This support article covers the requested topic in extensive detail. This support article covers the requested topic in extensive detail. This support article covers the requested topic in extensive detail. This support article covers the requested topic in extensive detail. This support article covers the requested topic in extensive detail. This support article covers the requested topic in extensive detail. This support article covers the requested topic in extensive detail. This support article covers the requested topic in extensive detail. This support article covers the requested topic in extensive detail. This support article covers the requested topic in extensive detail. This support article covers the requested topic in extensive detail. This support article covers the requested topic in extensive detail. This support article covers the requested topic in extensive detail. This support article covers the requested topic in extensive detail. This support article covers the requested topic in extensive detail. This support article covers the requested topic in extensive detail. This support article covers the requested topic in extensive detail. This support article covers the requested topic in extensive detail. This support article covers the requested topic in extensive detail. This support article covers the requested topic in extensive detail. This support article covers the requested topic in extensive detail. This support article covers the requested topic in extensive detail. This support article covers the requested topic in extensive detail. This support article covers the requested topic in extensive detail. This support article covers the requested topic in extensive detail. This support article covers the requested topic in extensive detail. This support article covers the requested topic in extensive detail. This support article covers the requested topic in extensive detail. This support article covers the requested topic in extensive detail. This support article covers the requested topic in extensive detail. This support article covers the requested topic in extensive detail. This support article covers the requested topic in extensive detail. This support article covers the requested topic in extensive detail. This support article covers the requested topic in extensive detail. This support article covers the requested topic in extensive detail. This support article covers the requested topic in extensive detail. This support article covers the requested topic in extensive detail. This support article covers the requested topic in extensive detail. This support article covers the requested topic in extensive detail. This support article covers the requested topic in extensive detail. This support article covers the requested topic in extensive detail. This support article covers the requested topic in extensive detail. This support article covers the requested topic in extensive detail. This support article covers the requested topic in extensive detail. This support article covers the requested topic in extensive detail. This support article covers the requested topic in extensive detail. This support article covers the requested topic in extensive detail. This support article covers the requested topic in extensive detail. This support article covers the requested topic in extensive detail. This support article covers the requested topic in extensive detail. This support article covers the requested topic in extensive detail. This support article covers the requested topic in extensive detail. This support article covers the requested topic in extensive detail. This support article covers the requested topic in extensive detail. This support article covers the requested topic in extensive detail. This support article covers the requested topic in extensive detail. This support article covers the requested topic in extensive detail. This support article covers the requested topic in extensive detail. This support article covers the requested topic in extensive detail. This support article covers the requested topic in extensive detail. This support article covers the requested topic in extensive detail. This support article covers the requested topic in extensive detail. This support article covers the requested topic in extensive detail. This support article covers the requested topic in extensive detail. This support article covers the requested topic in extensive detail. This support article covers the requested topic in extensive detail. This support article covers the requested topic in extensive detail. This support article covers the requested topic in extensive detail. This support article covers the requested topic in extensive detail. This support article covers the requested topic in extensive detail. This support article covers the requested topic in extensive detail. This support article covers the requested topic in extensive detail. This support article covers the requested topic in extensive detail. This support article covers the requested topic in extensive detail. This support article covers the requested topic in extensive detail. This support article covers the requested topic in extensive detail. This support article covers the requested topic in extensive detail. This support article covers the requested topic in extensive detail. This support article covers the requested topic in extensive detail. This support article covers the requested topic in extensive detail. This support article covers the requested topic in extensive detail. This support article covers the requested topic in extensive detail. This support article covers the requested topic in extensive detail. This support article covers the requested topic in extensive detail. This support article covers the requested topic in extensive detail. This support article covers the requested topic in extensive detail. This support article covers the requested topic in extensive detail. This support article covers the requested topic in extensive detail. This support article covers the requested topic in extensive detail. This support article covers the requested topic in extensive detail. This support article covers the requested topic in extensive detail. This support article covers the requested topic in extensive detail. This support article covers the requested topic in extensive detail. This support article covers the requested topic in extensive detail. This support article covers the requested topic in extensive detail. This support article covers the requested topic in extensive detail. This support article covers the requested topic in extensive detail. This support article covers the requested topic in extensive detail. This support article covers the requested topic in extensive detail. This support article covers the requested topic in extensive detail. This support article covers the requested topic in extensive detail. This support article covers the requested topic in extensive detail. This support article covers the requested topic in extensive detail. This support article covers the requested topic in extensive detail. This support article covers the requested topic in extensive detail. This support article covers the requested topic in extensive detail. This support article covers the requested topic in extensive detail. This support article covers the requested topic in extensive detail. This support article covers the requested topic in extensive detail. This support article covers the requested topic in extensive detail. This support article covers the requested topic in extensive detail. This support article covers the requested topic in extensive detail. This support article covers the requested topic in extensive detail. This support article covers the requested topic in extensive detail. This support article covers the requested topic in extensive detail. This support article covers the requested topic in extensive detail. This support article covers the requested topic in extensive detail. This support article covers the requested topic in extensive detail. This support article covers the requested topic in extensive detail. This support article covers the requested topic in extensive detail. This support article covers the requested topic in extensive detail. This support article covers the requested topic in extensive detail. This support article covers the requested topic in extensive detail. This support article covers the requested topic in extensive detail. This support article covers the requested topic in extensive detail. This support article covers the requested topic in extensive detail. This support article covers the requested topic in extensive detail. This support article covers the requested topic in extensive detail. This support article covers the requested topic in extensive detail. This support article covers the requested topic in extensive detail. This support article covers the requested topic in extensive detail. This support article covers the requested topic in extensive detail. This support article covers the requested topic in extensive detail. This support article covers the requested topic in extensive detail. This support article covers the requested topic in extensive detail. This support article covers the requested topic in extensive detail. This support article covers the requested topic in extensive detail. This support article covers the requested topic in extensive detail. This support article covers the requested topic in extensive detail. This support article covers the requested topic in extensive detail. This support article covers the requested topic in extensive detail. This support article covers the requested topic in extensive detail. This support article covers the requested topic in extensive detail. This support article covers the requested topic in extensive detail. This support article covers the requested topic in extensive detail. This support article covers the requested topic in extensive detail. This support article covers the requested topic in extensive detail. This support article covers the requested topic in extensive detail. This support article covers the requested topic in extensive detail. This support article covers the requested topic in extensive detail. This support article covers the requested topic in extensive detail. This support article covers the requested topic in extensive detail. This support article covers the requested topic in extensive detail. This support article covers the requested topic in extensive detail. ,
What is the complete history of changes to my account settings?,This support article covers the requested topic in extensive detail. This support article covers the requested topic in extensive detail. This support article covers the requested topic in extensive detail. This support article covers the requested topic in extensive detail. This support article covers the requested topic in extensive detail. This support article covers the requested topic in extensive detail. This support article covers the requested topic in extensive detail. This support article covers the requested topic in extensive detail. This support article covers the requested topic in extensive detail. This support article covers the requested topic in extensive detail. This support article covers the requested topic in extensive detail. This support article covers the requested topic in extensive detail. This support article covers the requested topic in extensive detail. This support article covers the requested topic in extensive detail. This support article covers the requested topic in extensive detail. This support article covers the requested topic in extensive detail. This support article covers the requested topic in extensive detail. This support article covers the requested topic in extensive detail. This support article covers the requested topic in extensive detail. This support article covers the requested topic in extensive detail. This support article covers the requested topic in extensive detail. This support article covers the requested topic in extensive detail. This support article covers the requested topic in extensive detail. This support article covers the requested topic in extensive detail. This support article covers the requested topic in extensive detail. This support article covers the requested topic in extensive detail. This support article covers the requested topic in extensive detail. This support article covers the requested topic in extensive detail. This support article covers the requested topic in extensive detail. This support article covers the requested topic in extensive detail. This support article covers the requested topic in extensive detail. This support article covers the requested topic in extensive detail. This support article covers the requested topic in extensive detail. This support article covers the requested topic in extensive detail. This support article covers the requested topic in extensive detail. This support article covers the requested topic in extensive detail. This support article covers the requested topic in extensive detail. This support article covers the requested topic in extensive detail. This support article covers the requested topic in extensive detail. This support article covers the requested topic in extensive detail. This support article covers the requested topic in extensive detail. This support article covers the requested topic in extensive detail. This support article covers the requested topic in extensive detail. This support article covers the requested topic in extensive detail. This support article covers the requested topic in extensive detail. This support article covers the requested topic in extensive detail. This support article covers the requested topic in extensive detail. This support article covers the requested topic in extensive detail. This support article covers the requested topic in extensive detail. This support article covers the requested topic in extensive detail. This support article covers the requested topic in extensive detail. This support article covers the requested topic in extensive detail. This support article covers the requested topic in extensive detail. This support article covers the requested topic in extensive detail. This support article covers the requested topic in extensive detail. This support article covers the requested topic in extensive detail. This support article covers the requested topic in extensive detail. This support article covers the requested topic in extensive detail. This support article covers the requested topic in extensive detail. This support article covers the requested topic in extensive detail. This support article covers the requested topic in extensive detail. This support article covers the requested topic in extensive detail. This support article covers the requested topic in extensive detail. This support article covers the requested topic in extensive detail. This support article covers the requested topic in extensive detail. This support article covers the requested topic in extensive detail. This support article covers the requested topic in extensive detail. This support article covers the requested topic in extensive detail. This support article covers the requested topic in extensive detail. This support article covers the requested topic in extensive detail. This support article covers the requested topic in extensive detail. This support article covers the requested topic in extensive detail. This support article covers the requested topic in extensive detail. This support article covers the requested topic in extensive detail. This support article covers the requested topic in extensive detail. This support article covers the requested topic in extensive detail. This support article covers the requested topic in extensive detail. This support article covers the requested topic in extensive detail. This support article covers the requested topic in extensive detail. This support article covers the requested topic in extensive detail. This support article covers the requested topic in extensive detail. This support article covers the requested topic in extensive detail. This support article covers the requested topic in extensive detail. This support article covers the requested topic in extensive detail. This support article covers the requested topic in extensive detail. This support article covers the requested topic in extensive detail. This support article covers the requested topic in extensive detail. This support article covers the requested topic in extensive detail. This support article covers the requested topic in extensive detail. This support article covers the requested topic in extensive detail. This support article covers the requested topic in extensive detail. This support article covers the requested topic in extensive detail. This support article covers the requested topic in extensive detail. This support article covers the requested topic in extensive detail. This support article covers the requested topic in extensive detail. This support article covers the requested topic in extensive detail. This support article covers the requested topic in extensive detail. This support article covers the requested topic in extensive detail. This support article covers the requested topic in extensive detail. This support article covers the requested topic in extensive detail. This support article covers the requested topic in extensive detail. This support article covers the requested topic in extensive detail. This support article covers the requested topic in extensive detail. This support article covers the requested topic in extensive detail. This support article covers the requested topic in extensive detail. This support article covers the requested topic in extensive detail. This support article covers the requested topic in extensive detail. This support article covers the requested topic in extensive detail. This support article covers the requested topic in extensive detail. This support article covers the requested topic in extensive detail. This support article covers the requested topic in extensive detail. This support article covers the requested topic in extensive detail. This support article covers the requested topic in extensive detail. This support article covers the requested topic in extensive detail. This support article covers the requested topic in extensive detail. This support article covers the requested topic in extensive detail. This support article covers the requested topic in extensive detail. This support article covers the requested topic in extensive detail. This support article covers the requested topic in extensive detail. This support article covers the requested topic in extensive detail. This support article covers the requested topic in extensive detail. This support article covers the requested topic in extensive detail. This support article covers the requested topic in extensive detail. This support article covers the requested topic in extensive detail. This support article covers the requested topic in extensive detail. This support article covers the requested topic in extensive detail. This support article covers the requested topic in extensive detail. This support article covers the requested topic in extensive detail. This support article covers the requested topic in extensive detail. This support article covers the requested topic in extensive detail. This support article covers the requested topic in extensive detail. This support article covers the requested topic in extensive detail. This support article covers the requested topic in extensive detail. This support article covers the requested topic in extensive detail. This support article covers the requested topic in extensive detail. This support article covers the requested topic in extensive detail. This support article covers the requested topic in extensive detail. This support article covers the requested topic in extensive detail. This support article covers the requested topic in extensive detail. This support article covers the requested topic in extensive detail. This support article covers the requested topic in extensive detail. This support article covers the requested topic in extensive detail. This support article covers the requested topic in extensive detail. This support article covers the requested topic in extensive detail. This support article covers the requested topic in extensive detail. This support article covers the requested topic in extensive detail. This support article covers the requested topic in extensive detail. This support article covers the requested topic in extensive detail. This support article covers the requested topic in extensive detail. This support article covers the requested topic in extensive detail. This support article covers the requested topic in extensive detail. This support article covers the requested topic in extensive detail. This support article covers the requested topic in extensive detail. This support article covers the requested topic in extensive detail. This support article covers the requested topic in extensive detail. This support article covers the requested topic in extensive detail. This support article covers the requested topic in extensive detail. This support article covers the requested topic in extensive detail. This support article covers the requested topic in extensive detail. This support article covers the requested topic in extensive detail. This support article covers the requested topic in extensive detail. This support article covers the requested topic in extensive detail. This support article covers the requested topic in extensive detail. This support article covers the requested topic in extensive detail. This support article covers the requested topic in extensive detail. This support article covers the requested topic in extensive detail. This support article covers the requested topic in extensive detail. This support article covers the requested topic in extensive detail. This support article covers the requested topic in extensive detail. This support article covers the requested topic in extensive detail. This support article covers the requested topic in extensive detail. This support article covers the requested topic in extensive detail. This support article covers the requested topic in extensive detail. This support article covers the requested topic in extensive detail. This support article covers the requested topic in extensive detail. This support article covers the requested topic in extensive detail. This support article covers the requested topic in extensive detail. This support article covers the requested topic in extensive detail. This support article covers the requested topic in extensive detail. This support article covers the requested topic in extensive detail. This support article covers the requested topic in extensive detail. This support article covers the requested topic in extensive detail. This support article covers the requested topic in extensive detail. This support article covers the requested topic in extensive detail. This support article covers the requested topic in extensive detail. This support article covers the requested topic in extensive detail. This support article covers the requested topic in extensive detail. This support article covers the requested topic in extensive detail. This support article covers the requested topic in extensive detail. This support article covers the requested topic in extensive detail. This support article covers the requested topic in extensive detail. This support article covers the requested topic in extensive detail. This support article covers the requested topic in extensive detail. This support article covers the requested topic in extensive detail. This support article covers the requested topic in extensive detail. This support article covers the requested topic in extensive detail. This support article covers the requested topic in extensive detail. This support article covers the requested topic in extensive detail. This support article covers the requested topic in extensive detail. This support article covers the requested topic in extensive detail. This support article covers the requested topic in extensive detail. This support article covers the requested topic in extensive detail. This support article covers the requested topic in extensive detail. This support article covers the requested topic in extensive detail. This support article covers the requested topic in extensive detail. This support article covers the requested topic in extensive detail. This support article covers the requested topic in extensive detail. This support article covers the requested topic in extensive detail. This support article covers the requested topic in extensive detail. This support article covers the requested topic in extensive detail. This support article covers the requested topic in extensive detail. This support article covers the requested topic in extensive detail. This support article covers the requested topic in extensive detail. This support article covers the requested topic in extensive detail. This support article covers the requested topic in extensive detail. This support article covers the requested topic in extensive detail. This support article covers the requested topic in extensive detail. This support article covers the requested topic in extensive detail. This support article covers the requested topic in extensive detail. This support article covers the requested topic in extensive detail. This support article covers the requested topic in extensive detail. This support article covers the requested topic in extensive detail. This support article covers the requested topic in extensive detail. This support article covers the requested topic in extensive detail. This support article covers the requested topic in extensive detail. This support article covers the requested topic in extensive detail. This support article covers the requested topic in extensive detail. This support article covers the requested topic in extensive detail. This support article covers the requested topic in extensive detail. This support article covers the requested topic in extensive detail. This support article covers the requested topic in extensive detail. This support article covers the requested topic in extensive detail. This support article covers the requested topic in extensive detail. This support article covers the requested topic in extensive detail. This support article covers the requested topic in extensive detail. This support article covers the requested topic in extensive detail. This support article covers the requested topic in extensive detail. This support article covers the requested topic in extensive detail. This support article covers the requested topic in extensive detail. This support article covers the requested topic in extensive detail. This support article covers the requested topic in extensive detail. This support article covers the requested topic in extensive detail. This support article covers the requested topic in extensive detail. This support article covers the requested topic in extensive detail. This support article covers the requested topic in extensive detail. This support article covers the requested topic in extensive detail. This support article covers the requested topic in extensive detail. This support article covers the requested topic in extensive detail. This support article covers the requested topic in extensive detail. This support article covers the requested topic in extensive detail. This support article covers the requested topic in extensive detail. This support article covers the requested topic in extensive detail. This support article covers the requested topic in extensive detail. This support article covers the requested topic in extensive detail. This support article covers the requested topic in extensive detail. This support article covers the requested topic in extensive detail. This support article covers the requested topic in extensive detail. This support article covers the requested topic in extensive detail. This support article covers the requested topic in extensive detail. This support article covers the requested topic in extensive detail. This support article covers the requested topic in extensive detail. This support article covers the requested topic in extensive detail. This support article covers the requested topic in extensive detail. This support article covers the requested topic in extensive detail. This support article covers the requested topic in extensive detail. This support article covers the requested topic in extensive detail. This support article covers the requested topic in extensive detail. This support article covers the requested topic in extensive detail. This support article covers the requested topic in extensive detail. This support article covers the requested topic in extensive detail. This support article covers the requested topic in extensive detail. This support article covers the requested topic in extensive detail. This support article covers the requested topic in extensive detail. This support article covers the requested topic in extensive detail. This support article covers the requested topic in extensive detail. This support article covers the requested topic in extensive detail. This support article covers the requested topic in extensive detail. This support article covers the requested topic in extensive detail. This support article covers the requested topic in extensive detail. This support article covers the requested topic in extensive detail. This support article covers the requested topic in extensive detail. This support article covers the requested topic in extensive detail. This support article covers the requested topic in extensive detail. This support article covers the requested topic in extensive detail. This support article covers the requested topic in extensive detail. This support article covers the requested topic in extensive detail. This support article covers the requested topic in extensive detail. This support article covers the requested topic in extensive detail. This support article covers the requested topic in extensive detail. This support article covers the requested topic in extensive detail. This support article covers the requested topic in extensive detail. This support article covers the requested topic in extensive detail. This support article covers the requested topic in extensive detail. This support article covers the requested topic in extensive detail. This support article covers the requested topic in extensive detail. This support article covers the requested topic in extensive detail. This support article covers the requested topic in extensive detail. This support article covers the requested topic in extensive detail. This support article covers the requested topic in extensive detail. This support article covers the requested topic in extensive detail. This support article covers the requested topic in extensive detail. This support article covers the requested topic in extensive detail. This support article covers the requested topic in extensive detail. This support article covers the requested topic in extensive detail. This support article covers the requested topic in extensive detail. This support article covers the requested topic in extensive detail. This support article covers the requested topic in extensive detail. This support article covers the requested topic in extensive detail. This support article covers the requested topic in extensive detail. This support article covers the requested topic in extensive detail. This support article covers the requested topic in extensive detail. This support article covers the requested topic in extensive detail. This support article covers the requested topic in extensive detail. This support article covers the requested topic in extensive detail. This support article covers the requested topic in extensive detail. This support article covers the requested topic in extensive detail. This support article covers the requested topic in extensive detail. This support article covers the requested topic in extensive detail. This support article covers the requested topic in extensive detail. This support article covers the requested topic in extensive detail. This support article covers the requested topic in extensive detail. This support article covers the requested topic in extensive detail. This support article covers the requested topic in extensive detail. This support article covers the requested topic in extensive detail. This support article covers the requested topic in extensive detail. This support article covers the requested topic in extensive detail. This support article covers the requested topic in extensive detail. This support article covers the requested topic in extensive detail. This support article covers the requested topic in extensive detail. This support article covers the requested topic in extensive detail. This support article covers the requested topic in extensive detail. This support article covers the requested topic in extensive detail. This support article covers the requested topic in extensive detail. This support article covers the requested topic in extensive detail. This support article covers the requested topic in extensive detail. This support article covers the requested topic in extensive detail. This support article covers the requested topic in extensive detail. This support article covers the requested topic in extensive detail. This support article covers the requested topic in extensive detail. This support article covers the requested topic in extensive detail. This support article covers the requested topic in extensive detail. This support article covers the requested topic in extensive detail. This support article covers the requested topic in extensive detail. This support article covers the requested topic in extensive detail. This support article covers the requested topic in extensive detail. This support article covers the requested topic in extensive detail. This support article covers the requested topic in extensive detail. This support article covers the requested topic in extensive detail. This support article covers the requested topic in extensive detail. This support article covers the requested topic in extensive detail. This support article covers the requested topic in extensive detail. This support article covers the requested topic in extensive detail. This support article covers the requested topic in extensive detail. This support article covers the requested topic in extensive detail. This support article covers the requested topic in extensive detail. This support article covers the requested topic in extensive detail. This support article covers the requested topic in extensive detail. This support article covers the requested topic in extensive detail. This support article covers the requested topic in extensive detail. This support article covers the requested topic in extensive detail. This support article covers the requested topic in extensive detail. This support article covers the requested topic in extensive detail. This support article covers the requested topic in extensive detail. This support article covers the requested topic in extensive detail. This support article covers the requested topic in extensive detail. This support article covers the requested topic in extensive detail. This support article covers the requested topic in extensive detail. This support article covers the requested topic in extensive detail. This support article covers the requested topic in extensive detail. This support article covers the requested topic in extensive detail. This support article covers the requested topic in extensive detail. This support article covers the requested topic in extensive detail. This support article covers the requested topic in extensive detail. This support article covers the requested topic in extensive detail. This support article covers the requested topic in extensive detail. This support article covers the requested topic in extensive detail. This support article covers the requested topic in extensive detail. This support article covers the requested topic in extensive detail. This support article covers the requested topic in extensive detail. This support article covers the requested topic in extensive detail. This support article covers the requested topic in extensive detail. This support article covers the requested topic in extensive detail. This support article covers the requested topic in extensive detail. This support article covers the requested topic in extensive detail. This support article covers the requested topic in extensive detail. This support article covers the requested topic in extensive detail. This support article covers the requested topic in extensive detail. This support article covers the requested topic in extensive detail. This support article covers the requested topic in extensive detail. This support article covers the requested topic in extensive detail. This support article covers the requested topic in extensive detail. This support article covers the requested topic in extensive detail. This support article covers the requested topic in extensive detail. This support article covers the requested topic in extensive detail. This support article covers the requested topic in extensive detail. This support article covers the requested topic in extensive detail. This support article covers the requested topic in extensive detail. This support article covers the requested topic in extensive detail. This support article covers the requested topic in extensive detail. This support article covers the requested topic in extensive detail. This support article covers the requested topic in extensive detail. This support article covers the requested topic in extensive detail. This support article covers the requested topic in extensive detail. This support article covers the requested topic in extensive detail. This support article covers the requested topic in extensive detail. This support article covers the requested topic in extensive detail. This support article covers the requested topic in extensive detail. This support article covers the requested topic in extensive detail. This support article covers the requested topic in extensive detail. This support article covers the requested topic in extensive detail. This support article covers the requested topic in extensive detail. This support article covers the requested topic in extensive detail. This support article covers the requested topic in extensive detail. This support article covers the requested topic in extensive detail. This support article covers the requested topic in extensive detail. This support article covers the requested topic in extensive detail. This support article covers the requested topic in extensive detail. This support article covers the requested topic in extensive detail. This support article covers the requested topic in extensive detail. This support article covers the requested topic in extensive detail. This support article covers the requested topic in extensive detail. This support article covers the requested topic in extensive detail. This support article covers the requested topic in extensive detail. This support article covers the requested topic in extensive detail. This support article covers the requested topic in extensive detail. This support article covers the requested topic in extensive detail. This support article covers the requested topic in extensive detail. This support article covers the requested topic in extensive detail. This support article covers the requested topic in extensive detail. This support article covers the requested topic in extensive detail. This support article covers the requested topic in extensive detail. This support article covers the requested topic in extensive detail. This support article covers the requested topic in extensive detail. This support article covers the requested topic in extensive detail. This support article covers the requested topic in extensive detail. This support article covers the requested topic in extensive detail. This support article covers the requested topic in extensive detail. This support article covers the requested topic in extensive detail. This support article covers the requested topic in extensive detail. This support article covers the requested topic in extensive detail. This support article covers the requested topic in extensive detail. This support article covers the requested topic in extensive detail. This support article covers the requested topic in extensive detail. This support article covers the requested topic in extensive detail. This support article covers the requested topic in extensive detail. This support article covers the requested topic in extensive detail. This support article covers the requested topic in extensive detail. This support article covers the requested topic in extensive detail. This support article covers the requested topic in extensive detail. This support article covers the requested topic in extensive detail. This support article covers the requested topic in extensive detail. This support article covers the requested topic in extensive detail. This support article covers the requested topic in extensive detail. This support article covers the requested topic in extensive detail. This support article covers the requested topic in extensive detail. This support article covers the requested topic in extensive detail. This support article covers the requested topic in extensive detail. This support article covers the requested topic in extensive detail. This support article covers the requested topic in extensive detail. This support article covers the requested topic in extensive detail. This support article covers the requested topic in extensive detail. This support article covers the requested topic in extensive detail. This support article covers the requested topic in extensive detail. This support article covers the requested topic in extensive detail. This support article covers the requested topic in extensive detail. This support article covers the requested topic in extensive detail. This support article covers the requested topic in extensive detail. This support article covers the requested topic in extensive detail. This support article covers the requested topic in extensive detail. This support article covers the requested topic in extensive detail. This support article covers the requested topic in extensive detail. This support article covers the requested topic in extensive detail. This support article covers the requested topic in extensive detail. This support article covers the requested topic in extensive detail. This support article covers the requested topic in extensive detail. This support article covers the requested topic in extensive detail. This support article covers the requested topic in extensive detail. This support article covers the requested topic in extensive detail. This support article covers the requested topic in extensive detail. This support article covers the requested topic in extensive detail. This support article covers the requested topic in extensive detail. This support article covers the requested topic in extensive detail. This support article covers the requested topic in extensive detail. This support article covers the requested topic in extensive detail. This support article covers the requested topic in extensive detail. This support article covers the requested topic in extensive detail. This support article covers the requested topic in extensive detail. This support article covers the requested topic in extensive detail. This support article covers the requested topic in extensive detail. This support article covers the requested topic in extensive detail. This support article covers the requested topic in extensive detail. This support article covers the requested topic in extensive detail. This support article covers the requested topic in extensive detail. This support article covers the requested topic in extensive detail. This support article covers the requested topic in extensive detail. This support article covers the requested topic in extensive detail. This support article covers the requested topic in extensive detail. This support article covers the requested topic in extensive detail. This support article covers the requested topic in extensive detail. This support article covers the requested topic in extensive detail.  Additional appendix follows below.,
How do I contact support about a billing issue?,You can reach us directly at alice@example.com during business hours.,
Is there a direct line I can call about my order?,"Yes, call +1 (555) 123-4567 and an agent will assist you.",
Can I email the enterprise account team directly?,Sure — reach the enterprise team at jane.doe+billing@corp.example.com or by phone at +44 20 7946 0958.,
What's the best way to reach the security team urgently?,Please email SECURITY@EXAMPLE.COM immediately; it's monitored 24/7.,
Why isn't my refund showing up yet?,,
Can you check on the status of my open ticket?,,
Did my last message go through to support?,,
,"Thanks for reaching out, we'll follow up shortly.",
,This has been escalated to the appropriate team.,
,Your request has been logged under a new ticket.,
